{
  "project_info": {
    "project_number": "585983206501",
    "project_id": "streamtube-179706"
  },
  "client": [
    {
      "client_info": {
        "mobilesdk_app_id": "1:585983206501:android:9481179180d6b7af",
        "android_client_info": {
          "package_name": "com.streamhash.streamview"
        }
      },
      "oauth_client": [
        {
          "client_id": "585983206501-sqdeh6o9ejka8o3n3obpp63ndsu461kp.apps.googleusercontent.com",
          "client_type": 3
        },
        {
          "client_id": "585983206501-j5976ip21nd4oihoj1nchihec9fkdqim.apps.googleusercontent.com",
          "client_type": 1,
          "android_info": {
            "package_name": "com.streamhash.streamview",
            "certificate_hash": "a4041f3676554ac96e861694356199e22d7706e5"
          }
        },
        {
          "client_id": "585983206501-dn03chmk963mnj43d6sdu0qjg5hfh0s5.apps.googleusercontent.com",
          "client_type": 1,
          "android_info": {
            "package_name": "com.streamhash.streamview",
            "certificate_hash": "9aa0e766b5bce262666fbbd50b119021bbcc969f"
          }
        }
      ],
      "api_key": [
        {
          "current_key": "AIzaSyCGGgRr7fr8hq4Q1bWjNTpuJ6rCeoIiUYo"
        }
      ],
      "services": {
        "analytics_service": {
          "status": 1
        },
        "appinvite_service": {
          "status": 1,
          "other_platform_oauth_client": []
        },
        "ads_service": {
          "status": 1
        }
      }
    },
    {
      "client_info": {
        "mobilesdk_app_id": "1:585983206501:android:dcc9c996d8cb7656",
        "android_client_info": {
          "package_name": "com.streamhash.streamview"
        }
      },
      "oauth_client": [
        {
          "client_id": "585983206501-t0o7q6g850ss3qu4ffa1420isc7nafjn.apps.googleusercontent.com",
          "client_type": 1,
          "android_info": {
            "package_name": "com.streamhash.streamview",
            "certificate_hash": "a4041f3676554ac96e861694356199e22d7706e5"
          }
        },
        {
          "client_id": "585983206501-sqdeh6o9ejka8o3n3obpp63ndsu461kp.apps.googleusercontent.com",
          "client_type": 3
        },
        {
          "client_id": "585983206501-lvqa6rg2f6p8nijrudjg69p49t0eqhsa.apps.googleusercontent.com",
          "client_type": 1,
          "android_info": {
            "package_name": "com.streamhash.streamview",
            "certificate_hash": "9aa0e766b5bce262666fbbd50b119021bbcc969f"
          }
        }
      ],
      "api_key": [
        {
          "current_key": "AIzaSyCGGgRr7fr8hq4Q1bWjNTpuJ6rCeoIiUYo"
        }
      ],
      "services": {
        "analytics_service": {
          "status": 1
        },
        "appinvite_service": {
          "status": 1,
          "other_platform_oauth_client": []
        },
        "ads_service": {
          "status": 1
        }
      }
    }
  ],
  "configuration_version": "1"
}